strategy_id,strategy_name,category,description,trigger_conditions,savings_heuristic,authority_reference,risk_rating,economic_substance_notes,added_by,date_added,review_status
ST-001,"S-Corp reasonable compensation optimization","Entity & Compensation","Set owner W-2 comp at a defensible benchmark to balance payroll tax savings against QBI wage limits and retirement plan contribution room","entity_type = S-Corp; owner W-2 comp deviates >15% from role/revenue benchmark; OR comp-to-distribution ratio out of line with industry norms","(benchmark comp − current comp) × 15.3% FICA (up to wage base; 2.9%–3.8% Medicare above); offset against QBI wage-limit and retirement-contribution effects — model both directions","IRC §3121(d)(1); Rev. Rul. 74-44; Watson v. Comm'r (8th Cir. 2012)","Moderate","Written comp study using salary benchmarks (RCReports or similar); board minutes documenting comp decision; consistent payroll filings","Seed library","2026-07-09","Draft — pending Firm review"
ST-002,"Pass-through entity (PTE) tax election","Entity & Compensation","Elect entity-level state tax so state taxes become a federal deduction, bypassing the individual SALT cap","pass-through entity in a PTE-election state (e.g., CA); profitable; owners' SALT deduction capped or phased down at their income level","state PTE tax paid × owner federal marginal rate (e.g., CA 9.3% PTE × 37% ≈ 3.4% of qualified income); verify benefit vs current-law SALT cap at owner's income","IRC §164; IRS Notice 2020-75; CA AB 150 / RTC §19900","Conservative","Timely election on entity return; meet state prepayment deadlines (CA: June 15 prepay for continuing elections); consent of owners","Seed library","2026-07-09","Draft — pending Firm review"
ST-003,"C-Corp / S-Corp restructuring","Entity & Compensation","Change entity classification when profit level, reinvestment profile, or exit plans favor a different structure","profit crossing entity break-even thresholds; QBI deduction phased out; heavy reinvestment (favors C) or high distributions (favors S); QSBS exit potential","full comparative model: 21% flat C rate + dividend layer vs individual rates + QBI; include state entity taxes and exit taxation","IRC §11; §§1361–1379; §199A; §1374 (built-in gains); §1362(g) (5-yr re-election wait)","Moderate","Board resolutions; Form 2553 or revocation filings; BIG-tax exposure analysis before S→C→S moves; 5-year commitment mindset","Seed library","2026-07-09","Draft — pending Firm review"
ST-004,"Multi-entity structure / management company","Entity & Compensation","Separate functions (management, IP, real estate) into related entities for payroll-tax, liability, and state arbitrage benefits","multiple active businesses; owner performing distinct management functions; real estate used by operating business; state nexus differences","varies — model payroll-tax delta, QBI aggregation effects, and state rate arbitrage on arm's-length management fees","IRC §482 (related-party pricing); §162 (ordinary & necessary); management-fee case law","Moderate","Written management agreements; arm's-length fee studies; actual services actually performed and documented; separate books/bank accounts","Seed library","2026-07-09","Draft — pending Firm review"
ST-005,"C-Corp fiscal year election","Entity & Compensation","Use a non-calendar fiscal year to defer income between the corporation and calendar-year owners","new or converting C-Corp; seasonal income concentration; owner bonus timing flexibility desired","one-time deferral ≈ deferred income × marginal rate × months deferred ÷ 12 (time-value benefit, recurring at margin)","IRC §441; §444","Conservative","Adopt on first return or via Form 1128; consistent application; bonus accruals must satisfy §267 related-party timing","Seed library","2026-07-09","Draft — pending Firm review"
ST-006,"QSBS qualification (IRC §1202)","Entity & Compensation","Structure C-Corp stock to qualify for exclusion of gain on sale after the holding period","C-Corp (or conversion candidate); qualified trade (not services/finance/hospitality); aggregate gross assets under the §1202 cap at issuance; exit horizon ≥ 3–5 yrs","excluded gain × ~23.8% (LTCG+NIIT); current-law caps and tiered holding periods apply to post-7/4/2025 issuances (OBBBA enhancements) — verify vintage rules","IRC §1202 (as amended by OBBBA 2025)","Conservative","Issuance-date asset test documentation; original-issuance requirement; qualified-business activity records; track holding period per share lot","Seed library","2026-07-09","Draft — pending Firm review"
ST-007,"Section 1244 small business stock","Entity & Compensation","Qualify corporate stock so a future loss is ordinary (up to $50k / $100k MFJ per year) instead of capital","corporation capitalized ≤ $1M at issuance; stock issued for money/property to individuals; loss risk exists","up to $100k MFJ × (ordinary marginal rate − capital loss value, often limited to $3k/yr) in a loss year","IRC §1244","Conservative","Plan documentation at issuance; capitalization records; stock issued directly (not purchased from another holder)","Seed library","2026-07-09","Draft — pending Firm review"
ST-008,"Solo 401(k) / SEP optimization","Retirement","Max owner-only retirement contributions; choose the vehicle that allows the largest deferral at the client's income","self-employed or owner-only entity; profit supports contributions; current deferrals below current-year limits","additional contribution × marginal rate (federal + state); Solo 401(k) usually beats SEP below ~$330k comp due to the employee deferral layer","IRC §401(k); §408(k); §415(c); §404","Conservative","Plan adopted by applicable deadline; W-2 comp supports contribution (S-Corp); Form 5500-EZ when assets > $250k","Seed library","2026-07-09","Draft — pending Firm review"
ST-009,"Defined benefit / cash balance plan","Retirement","Add an actuarially-driven plan enabling six-figure deductible contributions for older high-income owners","owner age ≥ ~45; stable income ≥ ~$400k; few or no non-owner employees (or willing to fund required staff contributions); 3+ year commitment horizon","contribution ($100k–$300k+ actuarially determined) × marginal rate, net of required staff cost","IRC §412; §415(b); §404(o)","Moderate","Actuary engagement; formal plan document; minimum-funding obligations are real commitments; combine with 401(k) per deduction-limit rules","Seed library","2026-07-09","Draft — pending Firm review"
ST-010,"Mega backdoor Roth","Retirement","After-tax 401(k) contributions converted in-plan to Roth, far above normal Roth limits","401(k) plan permits after-tax contributions AND in-service conversions/rollovers; owner has savings capacity beyond elective deferral limits","(415(c) limit − deferrals − match) converted annually; benefit = NPV of tax-free growth on the converted layer","IRC §402(c); §415(c); IRS Notice 2014-54","Conservative","Plan document must permit both features (solo plans: amend); convert promptly to minimize taxable earnings; track basis on Form 8606 where applicable","Seed library","2026-07-09","Draft — pending Firm review"
ST-011,"Backdoor Roth IRA","Retirement","Nondeductible traditional IRA contribution followed by Roth conversion for taxpayers above Roth income limits","MAGI above Roth contribution limits; little or no pre-tax IRA balances (pro-rata rule); annual habit candidate","annual limit per spouse × NPV of tax-free growth; near-zero current-year cost if no pre-tax IRA balances","IRC §408A(d)(3); §408(d)(2) (pro-rata)","Conservative","File Form 8606 each year; check aggregate IRA balances every year before converting; consider rolling pre-tax IRAs into employer plan first","Seed library","2026-07-09","Draft — pending Firm review"
ST-012,"Roth conversion timing","Retirement","Convert pre-tax balances to Roth in unusually low-income years to lock in low brackets","projected low-bracket year (business loss, NOL, gap year, retirement pre-RMD); funds available to pay conversion tax outside the IRA","converted amount × (expected future marginal rate − current conversion rate); ladder across years to fill target brackets","IRC §408A(d)(3)","Conservative","Model bracket fill precisely before year-end; conversions are irrevocable (no recharacterization); watch IRMAA and credit phase-outs","Seed library","2026-07-09","Draft — pending Firm review"
ST-013,"Cost segregation + bonus depreciation","Real Estate","Engineering study reclassifies building components to 5/7/15-year property eligible for bonus depreciation","building/improvements basis ≥ ~$500k (excluding land); placed in service; owner can absorb losses (material participation, REPS, STR, or closely-held C-Corp offset)","typically 20–35% of building basis reclassified × 100% bonus (current law for post-1/19/2025 acquisitions) × marginal rate — mostly a timing benefit; quantify NPV","IRC §168(k) (as amended by OBBBA 2025); §§1245/1250; Hospital Corp. of America v. Comm'r","Conservative","Engineering-based study by qualified provider; recapture planning on exit; passive-loss usability MUST be confirmed before promising benefit","Seed library","2026-07-09","Draft — pending Firm review"
ST-014,"Real estate professional status (REPS)","Real Estate","Qualify a spouse as a real estate professional so rental losses offset active income","rental losses present or planned (esp. w/ cost seg); one spouse with 750+ hrs/yr in real property trades AND more than half their personal-service time; contemporaneous logs feasible","unlocked rental losses × marginal rate in year(s) claimed","IRC §469(c)(7); Treas. Reg. §1.469-9","Moderate","CONTEMPORANEOUS time logs are non-negotiable (audit-prone); material participation in each rental or valid grouping election; W-2 full-time job usually disqualifies that spouse","Seed library","2026-07-09","Draft — pending Firm review"
ST-015,"Short-term rental (7-day rule)","Real Estate","STRs with average stay ≤ 7 days are non-passive with material participation — losses offset active income without REPS","property rented short-term (avg guest stay ≤ 7 days); owner materially participates (100+ hrs & more than anyone else, or 500 hrs); cost seg planned","rental loss (often bonus-driven) × marginal rate — without needing REPS qualification","Treas. Reg. §1.469-1T(e)(3)(ii)(A); §469 material participation rules","Moderate","Guest-stay records proving ≤7-day average; participation hour logs; self-management or documented co-management; substantial services may trigger SE tax — review","Seed library","2026-07-09","Draft — pending Firm review"
ST-016,"1031 like-kind exchange","Real Estate","Defer gain on investment real estate by exchanging into replacement property","appreciated investment/business real property sale contemplated; willing to acquire replacement real estate; timeline workable","deferred gain × (23.8% LTCG/NIIT + state) — deferral NPV; potential basis step-up at death eliminates permanently","IRC §1031; 45-day ID / 180-day close rules","Conservative","Qualified intermediary engaged BEFORE closing; strict deadlines; like-kind real property only; document identification in writing","Seed library","2026-07-09","Draft — pending Firm review"
ST-017,"Qualified Opportunity Zone investment","Real Estate","Roll capital gains into a QOF to defer gain and eliminate tax on fund appreciation after 10 years","large realized capital gain within 180 days; 10+ year horizon; suitable QOF/deal available","deferral on rolled gain + 100% exclusion of QOF appreciation after 10 yrs; current-law (OBBBA permanent OZ) basis-step rules apply","IRC §1400Z-2 (as amended by OBBBA 2025)","Moderate","180-day reinvestment window; QOF/QOZB compliance testing; substantial-improvement rules for property deals; long illiquidity — suitability matters","Seed library","2026-07-09","Draft — pending Firm review"
ST-018,"Augusta rule (§280A(g))","Real Estate","Business rents owner's home ≤14 days/year; rent is deductible to the business and tax-free to the owner","business owner with personal residence; legitimate business meetings/events (board, planning, trainings); ≤14 rental days/yr","days (≤14) × defensible local daily rate × marginal rate","IRC §280A(g); Sinopoli v. Comm'r (T.C. Memo 2023-105) — rate discipline","Moderate","Comparable venue rate quotes retained; meeting minutes/agendas for each date; corporate resolution; invoice + actual payment; post-Sinopoli, modest defensible rates only","Seed library","2026-07-09","Draft — pending Firm review"
ST-019,"Passive activity grouping elections","Real Estate","Group activities as one economic unit so combined hours achieve material participation","multiple related activities (e.g., operating business + leased building; several rentals) where separate testing fails but combined passes","previously-suspended or current passive losses unlocked × marginal rate","Treas. Reg. §1.469-4; Rev. Proc. 2010-13 (disclosure)","Moderate","Written grouping statement filed with return; groupings are sticky (can't regroup freely); appropriate-economic-unit facts documented","Seed library","2026-07-09","Draft — pending Firm review"
ST-020,"Closely-held C-Corp passive loss offset","Real Estate","A closely-held C-Corp (not a PSC) may offset passive losses against net active income — unavailable to individuals without REPS","closely-held C-Corp with net active income; passive losses available or plannable (e.g., real estate + cost seg inside/under the C-Corp); corporation is NOT a personal service corporation","passive loss absorbed × 21% federal (+ state corporate rate)","IRC §469(e)(2); §469(a)(2)(B); PSC exclusion per §469(a)(2)(C)","Moderate","Confirm non-PSC status (e.g., insurance agency OK; law/accounting PSC not); ownership tests for closely-held; double-tax exit planning for appreciating real estate (consider S-election + 5-yr wait per §1374)","Seed library","2026-07-09","Draft — pending Firm review"
ST-021,"Hiring children","Family","Pay minor children reasonable wages for real work; wages land in their 0% bracket and may be FICA-exempt","owner with children (best under 18); business is sole prop or parents-only partnership for FICA exemption (or family mgmt co); legitimate age-appropriate work exists","wage up to child's standard deduction × parent marginal rate + 15.3% FICA saved where exempt; funds can seed child Roth IRA","IRC §73; §3121(b)(3)(A); §162","Conservative","Real duties + timesheets; reasonable hourly rate; payroll processed with W-2; child's own bank account; corporate employers lose FICA exemption (consider family management company)","Seed library","2026-07-09","Draft — pending Firm review"
ST-022,"Family income shifting","Family","Shift income-producing assets to lower-bracket family members within kiddie-tax limits","lower-bracket family members (adult children, parents); income-producing assets giftable; kiddie tax limits understood for minors/students","shifted income × bracket differential; minors capped by kiddie-tax unearned-income threshold","IRC §1(g) (kiddie tax); §102; gift tax annual exclusion","Moderate","Complete real transfers (no strings); gift tax returns where required; kiddie tax applies through age 23 for students — model first","Seed library","2026-07-09","Draft — pending Firm review"
ST-023,"529 superfunding","Family","Front-load five years of gift-tax annual exclusions into a 529 in one year","education-bound children/grandchildren; gifting capacity; state deduction availability a plus","state deduction (where offered) × state rate + tax-free growth NPV; 5× annual exclusion per donor per beneficiary at once","IRC §529(c)(2)(B); state statutes","Conservative","File Form 709 electing 5-year spread; no additional gifts to that beneficiary during spread period; confirm state deduction caps/recapture","Seed library","2026-07-09","Draft — pending Firm review"
ST-024,"Accountable plan / home office","Health & Fringe","Corporation reimburses owner's business-use-of-home and out-of-pocket costs — deductible to the entity, tax-free to the owner","S-Corp or C-Corp owner paying business costs personally (home office, mileage, phone, internet); no accountable plan on file","annual reimbursable costs (often $3k–$10k) × marginal rate; also removes these from owner's taxable income entirely","Treas. Reg. §1.62-2; IRC §280A(c) methodology for home-office math","Conservative","Written accountable-plan document; monthly/quarterly expense reports with substantiation; reimburse actual amounts (no flat allowances)","Seed library","2026-07-09","Draft — pending Firm review"
ST-025,"HRA / ICHRA","Health & Fringe","Employer-funded health reimbursement arrangement makes medical premiums/costs a business deduction","small employer without group plan (ICHRA) OR C-Corp owner-employee; QSEHRA for <50 employees as alternative","reimbursed premiums + medical costs × (marginal rate + payroll-tax effects); compare vs self-employed health insurance deduction baseline","IRC §105; §106; 2019 ICHRA final regulations; §9831(d) (QSEHRA)","Conservative","Formal plan documents; ACA-compliant individual coverage for ICHRA participants; nondiscrimination rules; S-Corp >2% shareholders have special W-2 treatment — route correctly","Seed library","2026-07-09","Draft — pending Firm review"
ST-026,"HSA maximization","Health & Fringe","Max HSA contributions for the only triple-tax-advantaged account available","HDHP-covered client; HSA contributions below current-year family/self limits; catch-up at 55+","unfunded gap × (marginal rate + 7.65% FICA if via cafeteria plan); invest balance for tax-free medical growth","IRC §223","Conservative","HDHP status verified each year; contribution routed through payroll where possible for FICA savings; keep receipts for future reimbursement strategy","Seed library","2026-07-09","Draft — pending Firm review"
ST-027,"Section 105 spousal medical reimbursement","Health & Fringe","Sole proprietor employs spouse; family medical costs become fully deductible business expenses via employee benefit","Schedule C/F business; spouse performs bona fide work as employee; family has meaningful out-of-pocket medical costs","family medical costs shifted from itemized-floor limbo to 100% business deduction × (income + SE tax rates)","IRC §105(b); Rev. Rul. 71-588; Speltz guidance line","Moderate","Bona fide employment (duties, hours, W-2, reasonable wage); written §105 plan covering employee+family; audit-sensitive — documentation discipline required","Seed library","2026-07-09","Draft — pending Firm review"
ST-028,"R&D credit","Credits & Incentives","Credit for qualified research wages/supplies/contract research; payroll-tax offset for eligible small businesses","software/product/process development activity meeting the §41 four-part test; W-2 technical wages; startups may offset payroll tax","≈ 6–10% of qualified research expenses federal (+ state credits); startup payroll offset up to current-law cap","IRC §41; §174A (current-law domestic expensing per OBBBA); §41(h)","Moderate","Contemporaneous project documentation tying activities to the four-part test; nexus between wages and qualified activities; credible study provider","Seed library","2026-07-09","Draft — pending Firm review"
ST-029,"Work Opportunity Tax Credit (WOTC)","Credits & Incentives","Federal credit for hiring from targeted groups (veterans, SNAP recipients, long-term unemployed, etc.)","active hiring; candidate pool likely includes targeted groups; onboarding process can absorb the screening form","$2,400–$9,600 per certified hire depending on category and hours","IRC §51; Form 8850 (28-day submission deadline)","Conservative","Form 8850 signed on/before job offer and filed within 28 days of start; state workforce agency certification retained","Seed library","2026-07-09","Draft — pending Firm review"
ST-030,"Clean energy incentives (current-law)","Credits & Incentives","Remaining building/vehicle/energy credits — several sunset under OBBBA, so screen against current-law availability dates","planned building efficiency work (§179D — check construction-start sunset); commercial clean vehicles (§45W availability); solar/storage projects (§48E phase-outs)","project-specific; confirm credit percentage AND current-law termination dates before quoting any savings","IRC §179D; §45W; §48E — all as amended by OBBBA 2025 (multiple sunsets)","Conservative","Placed-in-service and construction-start dates versus statutory deadlines are decisive; certification/energy-modeling requirements; document eligibility before the client commits","Seed library","2026-07-09","Draft — pending Firm review"
ST-031,"Charitable bunching / donor-advised fund","Charitable","Concentrate several years of giving into one itemizing year via a DAF; grant to charities on the normal schedule","recurring annual giving near the standard-deduction breakeven; current-law 0.5%-of-AGI itemizer floor makes bunching MORE valuable from 2026","(bunched deduction − standard deduction years) × marginal rate, net of the current-law AGI floor haircut","IRC §170 (incl. OBBBA itemizer floor provisions)","Conservative","DAF sponsor paperwork; contribution timing before year-end; substantiation letters; avoid donor benefits that reduce deductibility","Seed library","2026-07-09","Draft — pending Firm review"
ST-032,"Appreciated stock gifting","Charitable","Donate long-term appreciated securities instead of cash — deduct FMV and never recognize the gain","charitable intent + appreciated LT positions in taxable accounts; giving already happening in cash","gain avoided × 23.8% + FMV deduction × marginal rate (subject to 30%-AGI limit with carryforward)","IRC §170(b); §170(e)","Conservative","Transfer securities in-kind (never sell first); LT holding period confirmed; qualified appraisal rules for non-publicly-traded assets","Seed library","2026-07-09","Draft — pending Firm review"
ST-033,"Charitable remainder / lead trusts","Charitable","Split-interest trusts to defer/spread gain on appreciated assets while funding charitable intent and retained income","large appreciated asset (business, real estate, concentrated stock) + genuine charitable intent + income need (CRT) or estate/gift goals (CLT)","CRT: gain spread over payout years + partial deduction; model against outright sale — attorney-designed, case-by-case","IRC §664 (CRT); §170(f) (CLT rules)","Moderate","Specialist attorney drafting; 10% remainder test; trustee administration; irrevocable — client education essential before committing","Seed library","2026-07-09","Draft — pending Firm review"
ST-034,"Installment sale structuring","Investment & Exit","Spread gain recognition over the note term when selling a business or property with seller financing","sale of business/property where buyer financing is negotiable; seller doesn't need full proceeds immediately; gain would spike brackets if lump-sum","bracket smoothing: Σ(gain in lower brackets vs single-year spike) + deferral NPV; watch §453A interest charge on obligations > $5M","IRC §453; §453A","Conservative","Note terms with adequate stated interest (AFR); security/default provisions; depreciation recapture recognized up front — model it; election out is available if rates favor","Seed library","2026-07-09","Draft — pending Firm review"
ST-035,"Tax-loss harvesting / direct indexing","Investment & Exit","Systematically realize losses in taxable accounts to offset gains; direct indexing scales the opportunity","taxable brokerage with unrealized losses or concentrated low-basis positions; ongoing gains to offset","harvested losses × applicable gains rate + $3k/yr ordinary offset; carryforwards indefinite","IRC §1091 (wash sale); §§1211–1212","Conservative","30-day wash-sale discipline (both directions, all accounts incl. IRAs and spouse); replacement-security plan to maintain exposure","Seed library","2026-07-09","Draft — pending Firm review"
ST-036,"Income timing / multi-year bracket management","Timing","Accelerate or defer income and deductions around projected bracket swings, phase-outs, and law changes","projected marginal-rate swing between years (sale year, low year, retirement); controllable items exist (bonuses, invoicing, PTE payments, equipment purchases, Roth conversions)","Σ shifted items × rate differential between years; include phase-out cliffs (QBI, IRMAA, credits) in the model","IRC §461 (timing); method-of-accounting rules; §199A thresholds","Conservative","Two-year (minimum) projection model before year-end; document business purpose for timing moves; coordinate with estimated-payment safe harbors","Seed library","2026-07-09","Draft — pending Firm review"
